﻿{
  "_import": "/Layouts/List/Breakpoints.Large.json",
  "breakpoints": [
    {
      "maxwidth": "318",
      "properties": {
        "itemsHeight": "150",
        "imageWidth": "80",
        "titleMaxLines": "2",
        "leftMarginTitle": "4,0,0,0",
        "leftMarginSubTitle": "4,4,0,0"
      }
    },
    {
      "maxwidth": "470",
      "properties": {
        "itemsHeight": "165",
        "imageWidth": "100",
        "titleMaxLines": "3",
        "leftMarginTitle": "6,0,0,0",
        "leftMarginSubTitle": "6,6,0,0"
      }
    },
    {
      "maxwidth": "1053",
      "properties": {
        "itemsHeight": "200",
        "imageWidth": "140",
        "titleMaxLines": "4",
        "leftMarginTitle": "10,0,0,0",
        "leftMarginSubTitle": "10,10,0,0"
      }
    },
    {
      "maxwidth": "1578",
      "properties": {
        "itemsHeight": "220",
        "imageWidth": "170",
        "titleMaxLines": "5",
        "leftMarginTitle": "12,0,0,0",
        "leftMarginSubTitle": "12,12,0,0"
      }
    },
    {
      "maxwidth": "*",
      "properties": {
        "itemsHeight": "250",
        "imageWidth": "200",
        "titleMaxLines": "5",
        "leftMarginTitle": "16,0,0,0",
        "leftMarginSubTitle": "16,16,0,0"
      }
    }
  ]
}