<tile>
  <visual branding="nameAndLogo" displayName="SamsP2EvolutionaryChoiceRnS">
    <binding template="TileMedium">
      <text hint-wrap="true" hint-maxLines="1" hint-style="titleSubtle">P2EHopeRnS</text>
      <text hint-wrap="true" hint-maxLines="5" hint-style="bodySubtle">Research Grant Opportunity</text>
      <image src="ms-appx:///Assets/DataImages/IMG_20160806_080753.png" hint-removeMargin="true" hint-overlay="50" />
    </binding>
    <binding template="TileWide">
      <text hint-wrap="true" hint-maxLines="1" hint-style="titleSubtle">P2EHopeRnS</text>
      <text hint-wrap="true" hint-maxLines="5" hint-style="bodySubtle">Research Grant Opportunity</text>
      <image src="ms-appx:///Assets/DataImages/IMG_20160806_080753.png" hint-removeMargin="true" hint-overlay="50" />
    </binding>
    <binding template="TileLarge">
      <text hint-wrap="true" hint-maxLines="1" hint-style="titleSubtle">P2EHopeRnS</text>
      <text hint-wrap="true" hint-maxLines="5" hint-style="bodySubtle">Research Grant Opportunity</text>
      <image src="ms-appx:///Assets/DataImages/IMG_20160806_080753.png" hint-removeMargin="true" hint-overlay="50" />
    </binding>
  </visual>
</tile>