[
  {
    "MenuType": "DeepLink",
    "Title": "Power 2 Evolve Hope RnS",
    "Icon": "/Assets/DataImages/unreasonable.png",
    "Target": "http://power2evovlehoperesearchandservi.weebly.com/",
    "_id": "b44e1c71-e418-4fa0-b15f-953798d89bee"
  },
  {
    "MenuType": "DeepLink",
    "Title": "Grant Research P2EHopeRnS",
    "Icon": "/Assets/DataImages/origin_of_time_and_s-2.png",
    "Target": "http://power2evolvehoperesearchservices.weebly.com",
    "_id": "70683b04-3e74-450b-8b2f-b7adc7840463"
  },
  {
    "MenuType": "DeepLink",
    "Title": "Benard Davis Inc",
    "Icon": "/Assets/DataImages/whats_perfect.png",
    "Target": "mailto:Religiontrustlove@yahoo.com",
    "_id": "8fe2e169-f7f5-4d40-8701-f8e7c0054d07"
  },
  {
    "MenuType": "DeepLink",
    "Title": "Executive Manager",
    "Icon": "/Assets/DataImages/with_who_created_us_-6.png",
    "Target": "tel:(832)996-1510",
    "_id": "785f9dad-faa1-41d3-ba35-8f79561ea31c"
  }
]